PRAGMA foreign_keys=OFF;
BEGIN TRANSACTION;
CREATE TABLE IF NOT EXISTS "django_migrations" ("id" integer NOT NULL PRIMARY KEY AUTOINCREMENT, "app" varchar(255) NOT NULL, "name" varchar(255) NOT NULL, "applied" datetime NOT NULL);
INSERT INTO django_migrations VALUES(1,'contenttypes','0001_initial','2025-02-21 00:33:41.748662');
INSERT INTO django_migrations VALUES(2,'contenttypes','0002_remove_content_type_name','2025-02-21 00:33:41.756437');
INSERT INTO django_migrations VALUES(3,'auth','0001_initial','2025-02-21 00:33:41.767335');
INSERT INTO django_migrations VALUES(4,'auth','0002_alter_permission_name_max_length','2025-02-21 00:33:41.773907');
INSERT INTO django_migrations VALUES(5,'auth','0003_alter_user_email_max_length','2025-02-21 00:33:41.778902');
INSERT INTO django_migrations VALUES(6,'auth','0004_alter_user_username_opts','2025-02-21 00:33:41.784117');
INSERT INTO django_migrations VALUES(7,'auth','0005_alter_user_last_login_null','2025-02-21 00:33:41.789089');
INSERT INTO django_migrations VALUES(8,'auth','0006_require_contenttypes_0002','2025-02-21 00:33:41.790868');
INSERT INTO django_migrations VALUES(9,'auth','0007_alter_validators_add_error_messages','2025-02-21 00:33:41.795517');
INSERT INTO django_migrations VALUES(10,'auth','0008_alter_user_username_max_length','2025-02-21 00:33:41.800244');
INSERT INTO django_migrations VALUES(11,'auth','0009_alter_user_last_name_max_length','2025-02-21 00:33:41.805135');
INSERT INTO django_migrations VALUES(12,'auth','0010_alter_group_name_max_length','2025-02-21 00:33:41.810920');
INSERT INTO django_migrations VALUES(13,'auth','0011_update_proxy_permissions','2025-02-21 00:33:41.815514');
INSERT INTO django_migrations VALUES(14,'auth','0012_alter_user_first_name_max_length','2025-02-21 00:33:41.821738');
INSERT INTO django_migrations VALUES(15,'projects','0001_initial','2025-02-21 00:33:41.912090');
INSERT INTO django_migrations VALUES(16,'admin','0001_initial','2025-02-21 00:33:41.928139');
INSERT INTO django_migrations VALUES(17,'admin','0002_logentry_remove_auto_add','2025-02-21 00:33:41.943353');
INSERT INTO django_migrations VALUES(18,'admin','0003_logentry_add_action_flag_choices','2025-02-21 00:33:41.953815');
INSERT INTO django_migrations VALUES(19,'sessions','0001_initial','2025-02-21 00:33:41.957674');
INSERT INTO django_migrations VALUES(20,'projects','0002_alter_sitesettings_options','2025-02-21 22:27:03.095043');
INSERT INTO django_migrations VALUES(21,'projects','0003_init_site_settings','2025-02-21 22:27:24.385702');
INSERT INTO django_migrations VALUES(22,'projects','0004_alter_customuser_email_alter_customuser_username','2025-02-22 00:11:16.857341');
INSERT INTO django_migrations VALUES(23,'projects','0005_heroslider','2025-02-22 13:08:11.252359');
INSERT INTO django_migrations VALUES(24,'projects','0006_investment_actual_return_alter_investment_status','2025-02-22 14:28:58.531956');
INSERT INTO django_migrations VALUES(25,'projects','0007_founderprofile_image_alter_project_creator','2025-02-22 18:04:08.506523');
INSERT INTO django_migrations VALUES(26,'projects','0008_investment_is_counted','2025-02-22 22:40:09.418049');
INSERT INTO django_migrations VALUES(27,'projects','0009_investmentterm_maximum_investment_and_more','2025-04-21 10:33:02.872418');
INSERT INTO django_migrations VALUES(28,'projects','0010_founderprofile_cv_founderprofile_experience_and_more','2025-04-21 21:51:02.136816');
INSERT INTO django_migrations VALUES(29,'projects','0011_customuser_address_line1_customuser_address_line2_and_more','2025-04-21 22:24:25.020611');
INSERT INTO django_migrations VALUES(30,'projects','0012_investment_equity_percentage','2025-04-22 00:41:40.692491');
INSERT INTO django_migrations VALUES(31,'projects','0013_project_location_project_short_description_and_more','2025-04-22 13:00:33.179016');
INSERT INTO django_migrations VALUES(32,'projects','0014_alter_project_short_description','2025-04-22 13:20:42.307471');
INSERT INTO django_migrations VALUES(33,'projects','0015_alter_project_short_description','2025-04-22 13:37:28.532514');
INSERT INTO django_migrations VALUES(34,'projects','0016_testimonial_alter_category_options','2025-04-22 18:50:36.259560');
INSERT INTO django_migrations VALUES(35,'projects','0017_customuser_email_verified','2025-04-22 20:18:34.989422');
INSERT INTO django_migrations VALUES(36,'projects','0018_project_admin_notes_project_status','2025-04-25 03:08:30.229422');
CREATE TABLE IF NOT EXISTS "django_content_type" ("id" integer NOT NULL PRIMARY KEY AUTOINCREMENT, "app_label" varchar(100) NOT NULL, "model" varchar(100) NOT NULL);
INSERT INTO django_content_type VALUES(1,'admin','logentry');
INSERT INTO django_content_type VALUES(2,'auth','permission');
INSERT INTO django_content_type VALUES(3,'auth','group');
INSERT INTO django_content_type VALUES(4,'contenttypes','contenttype');
INSERT INTO django_content_type VALUES(5,'sessions','session');
INSERT INTO django_content_type VALUES(6,'projects','announcement');
INSERT INTO django_content_type VALUES(7,'projects','category');
INSERT INTO django_content_type VALUES(8,'projects','fundingtype');
INSERT INTO django_content_type VALUES(9,'projects','seosettings');
INSERT INTO django_content_type VALUES(10,'projects','sitesettings');
INSERT INTO django_content_type VALUES(11,'projects','themesettings');
INSERT INTO django_content_type VALUES(12,'projects','customuser');
INSERT INTO django_content_type VALUES(13,'projects','founderprofile');
INSERT INTO django_content_type VALUES(14,'projects','investorprofile');
INSERT INTO django_content_type VALUES(15,'projects','project');
INSERT INTO django_content_type VALUES(16,'projects','investmentterm');
INSERT INTO django_content_type VALUES(17,'projects','investment');
INSERT INTO django_content_type VALUES(18,'projects','reward');
INSERT INTO django_content_type VALUES(19,'projects','pledge');
INSERT INTO django_content_type VALUES(20,'projects','headerlink');
INSERT INTO django_content_type VALUES(21,'projects','footersection');
INSERT INTO django_content_type VALUES(22,'projects','socialmedialink');
INSERT INTO django_content_type VALUES(23,'projects','update');
INSERT INTO django_content_type VALUES(24,'projects','heroslider');
INSERT INTO django_content_type VALUES(25,'projects','testimonial');
CREATE TABLE IF NOT EXISTS "auth_group_permissions" ("id" integer NOT NULL PRIMARY KEY AUTOINCREMENT, "group_id" integer NOT NULL REFERENCES "auth_group" ("id") DEFERRABLE INITIALLY DEFERRED, "permission_id" integer NOT NULL REFERENCES "auth_permission" ("id") DEFERRABLE INITIALLY DEFERRED);
CREATE TABLE IF NOT EXISTS "auth_permission" ("id" integer NOT NULL PRIMARY KEY AUTOINCREMENT, "content_type_id" integer NOT NULL REFERENCES "django_content_type" ("id") DEFERRABLE INITIALLY DEFERRED, "codename" varchar(100) NOT NULL, "name" varchar(255) NOT NULL);
INSERT INTO auth_permission VALUES(1,1,'add_logentry','Can add log entry');
INSERT INTO auth_permission VALUES(2,1,'change_logentry','Can change log entry');
INSERT INTO auth_permission VALUES(3,1,'delete_logentry','Can delete log entry');
INSERT INTO auth_permission VALUES(4,1,'view_logentry','Can view log entry');
INSERT INTO auth_permission VALUES(5,2,'add_permission','Can add permission');
INSERT INTO auth_permission VALUES(6,2,'change_permission','Can change permission');
INSERT INTO auth_permission VALUES(7,2,'delete_permission','Can delete permission');
INSERT INTO auth_permission VALUES(8,2,'view_permission','Can view permission');
INSERT INTO auth_permission VALUES(9,3,'add_group','Can add group');
INSERT INTO auth_permission VALUES(10,3,'change_group','Can change group');
INSERT INTO auth_permission VALUES(11,3,'delete_group','Can delete group');
INSERT INTO auth_permission VALUES(12,3,'view_group','Can view group');
INSERT INTO auth_permission VALUES(13,4,'add_contenttype','Can add content type');
INSERT INTO auth_permission VALUES(14,4,'change_contenttype','Can change content type');
INSERT INTO auth_permission VALUES(15,4,'delete_contenttype','Can delete content type');
INSERT INTO auth_permission VALUES(16,4,'view_contenttype','Can view content type');
INSERT INTO auth_permission VALUES(17,5,'add_session','Can add session');
INSERT INTO auth_permission VALUES(18,5,'change_session','Can change session');
INSERT INTO auth_permission VALUES(19,5,'delete_session','Can delete session');
INSERT INTO auth_permission VALUES(20,5,'view_session','Can view session');
INSERT INTO auth_permission VALUES(21,6,'add_announcement','Can add announcement');
INSERT INTO auth_permission VALUES(22,6,'change_announcement','Can change announcement');
INSERT INTO auth_permission VALUES(23,6,'delete_announcement','Can delete announcement');
INSERT INTO auth_permission VALUES(24,6,'view_announcement','Can view announcement');
INSERT INTO auth_permission VALUES(25,7,'add_category','Can add category');
INSERT INTO auth_permission VALUES(26,7,'change_category','Can change category');
INSERT INTO auth_permission VALUES(27,7,'delete_category','Can delete category');
INSERT INTO auth_permission VALUES(28,7,'view_category','Can view category');
INSERT INTO auth_permission VALUES(29,8,'add_fundingtype','Can add funding type');
INSERT INTO auth_permission VALUES(30,8,'change_fundingtype','Can change funding type');
INSERT INTO auth_permission VALUES(31,8,'delete_fundingtype','Can delete funding type');
INSERT INTO auth_permission VALUES(32,8,'view_fundingtype','Can view funding type');
INSERT INTO auth_permission VALUES(33,9,'add_seosettings','Can add seo settings');
INSERT INTO auth_permission VALUES(34,9,'change_seosettings','Can change seo settings');
INSERT INTO auth_permission VALUES(35,9,'delete_seosettings','Can delete seo settings');
INSERT INTO auth_permission VALUES(36,9,'view_seosettings','Can view seo settings');
INSERT INTO auth_permission VALUES(37,10,'add_sitesettings','Can add site settings');
INSERT INTO auth_permission VALUES(38,10,'change_sitesettings','Can change site settings');
INSERT INTO auth_permission VALUES(39,10,'delete_sitesettings','Can delete site settings');
INSERT INTO auth_permission VALUES(40,10,'view_sitesettings','Can view site settings');
INSERT INTO auth_permission VALUES(41,11,'add_themesettings','Can add theme settings');
INSERT INTO auth_permission VALUES(42,11,'change_themesettings','Can change theme settings');
INSERT INTO auth_permission VALUES(43,11,'delete_themesettings','Can delete theme settings');
INSERT INTO auth_permission VALUES(44,11,'view_themesettings','Can view theme settings');
INSERT INTO auth_permission VALUES(45,12,'add_customuser','Can add user');
INSERT INTO auth_permission VALUES(46,12,'change_customuser','Can change user');
INSERT INTO auth_permission VALUES(47,12,'delete_customuser','Can delete user');
INSERT INTO auth_permission VALUES(48,12,'view_customuser','Can view user');
INSERT INTO auth_permission VALUES(49,13,'add_founderprofile','Can add founder profile');
INSERT INTO auth_permission VALUES(50,13,'change_founderprofile','Can change founder profile');
INSERT INTO auth_permission VALUES(51,13,'delete_founderprofile','Can delete founder profile');
INSERT INTO auth_permission VALUES(52,13,'view_founderprofile','Can view founder profile');
INSERT INTO auth_permission VALUES(53,14,'add_investorprofile','Can add investor profile');
INSERT INTO auth_permission VALUES(54,14,'change_investorprofile','Can change investor profile');
INSERT INTO auth_permission VALUES(55,14,'delete_investorprofile','Can delete investor profile');
INSERT INTO auth_permission VALUES(56,14,'view_investorprofile','Can view investor profile');
INSERT INTO auth_permission VALUES(57,15,'add_project','Can add project');
INSERT INTO auth_permission VALUES(58,15,'change_project','Can change project');
INSERT INTO auth_permission VALUES(59,15,'delete_project','Can delete project');
INSERT INTO auth_permission VALUES(60,15,'view_project','Can view project');
INSERT INTO auth_permission VALUES(61,16,'add_investmentterm','Can add investment term');
INSERT INTO auth_permission VALUES(62,16,'change_investmentterm','Can change investment term');
INSERT INTO auth_permission VALUES(63,16,'delete_investmentterm','Can delete investment term');
INSERT INTO auth_permission VALUES(64,16,'view_investmentterm','Can view investment term');
INSERT INTO auth_permission VALUES(65,17,'add_investment','Can add investment');
INSERT INTO auth_permission VALUES(66,17,'change_investment','Can change investment');
INSERT INTO auth_permission VALUES(67,17,'delete_investment','Can delete investment');
INSERT INTO auth_permission VALUES(68,17,'view_investment','Can view investment');
INSERT INTO auth_permission VALUES(69,18,'add_reward','Can add reward');
INSERT INTO auth_permission VALUES(70,18,'change_reward','Can change reward');
INSERT INTO auth_permission VALUES(71,18,'delete_reward','Can delete reward');
INSERT INTO auth_permission VALUES(72,18,'view_reward','Can view reward');
INSERT INTO auth_permission VALUES(73,19,'add_pledge','Can add pledge');
INSERT INTO auth_permission VALUES(74,19,'change_pledge','Can change pledge');
INSERT INTO auth_permission VALUES(75,19,'delete_pledge','Can delete pledge');
INSERT INTO auth_permission VALUES(76,19,'view_pledge','Can view pledge');
INSERT INTO auth_permission VALUES(77,20,'add_headerlink','Can add header link');
INSERT INTO auth_permission VALUES(78,20,'change_headerlink','Can change header link');
INSERT INTO auth_permission VALUES(79,20,'delete_headerlink','Can delete header link');
INSERT INTO auth_permission VALUES(80,20,'view_headerlink','Can view header link');
INSERT INTO auth_permission VALUES(81,21,'add_footersection','Can add footer section');
INSERT INTO auth_permission VALUES(82,21,'change_footersection','Can change footer section');
INSERT INTO auth_permission VALUES(83,21,'delete_footersection','Can delete footer section');
INSERT INTO auth_permission VALUES(84,21,'view_footersection','Can view footer section');
INSERT INTO auth_permission VALUES(85,22,'add_socialmedialink','Can add social media link');
INSERT INTO auth_permission VALUES(86,22,'change_socialmedialink','Can change social media link');
INSERT INTO auth_permission VALUES(87,22,'delete_socialmedialink','Can delete social media link');
INSERT INTO auth_permission VALUES(88,22,'view_socialmedialink','Can view social media link');
INSERT INTO auth_permission VALUES(89,23,'add_update','Can add update');
INSERT INTO auth_permission VALUES(90,23,'change_update','Can change update');
INSERT INTO auth_permission VALUES(91,23,'delete_update','Can delete update');
INSERT INTO auth_permission VALUES(92,23,'view_update','Can view update');
INSERT INTO auth_permission VALUES(93,24,'add_heroslider','Can add hero slider');
INSERT INTO auth_permission VALUES(94,24,'change_heroslider','Can change hero slider');
INSERT INTO auth_permission VALUES(95,24,'delete_heroslider','Can delete hero slider');
INSERT INTO auth_permission VALUES(96,24,'view_heroslider','Can view hero slider');
INSERT INTO auth_permission VALUES(97,25,'add_testimonial','Can add testimonial');
INSERT INTO auth_permission VALUES(98,25,'change_testimonial','Can change testimonial');
INSERT INTO auth_permission VALUES(99,25,'delete_testimonial','Can delete testimonial');
INSERT INTO auth_permission VALUES(100,25,'view_testimonial','Can view testimonial');
CREATE TABLE IF NOT EXISTS "auth_group" ("id" integer NOT NULL PRIMARY KEY AUTOINCREMENT, "name" varchar(150) NOT NULL UNIQUE);
CREATE TABLE IF NOT EXISTS "projects_announcement" ("id" integer NOT NULL PRIMARY KEY AUTOINCREMENT, "message" text NOT NULL, "start_date" datetime NOT NULL, "end_date" datetime NOT NULL, "is_active" bool NOT NULL, "style" varchar(20) NOT NULL);
CREATE TABLE IF NOT EXISTS "projects_category" ("id" integer NOT NULL PRIMARY KEY AUTOINCREMENT, "name" varchar(100) NOT NULL);
INSERT INTO projects_category VALUES(1,'Technology');
INSERT INTO projects_category VALUES(2,'Digital');
INSERT INTO projects_category VALUES(3,'Fintech');
INSERT INTO projects_category VALUES(4,'Freelancing');
INSERT INTO projects_category VALUES(5,'Agriculture');
INSERT INTO projects_category VALUES(6,'Education');
INSERT INTO projects_category VALUES(7,'Health');
INSERT INTO projects_category VALUES(8,'Engineering');
CREATE TABLE IF NOT EXISTS "projects_fundingtype" ("id" integer NOT NULL PRIMARY KEY AUTOINCREMENT, "name" varchar(100) NOT NULL, "description" text NOT NULL);
INSERT INTO projects_fundingtype VALUES(2,'Donation','Freewill donation to support a Founder');
INSERT INTO projects_fundingtype VALUES(4,'Equity','Investment');
CREATE TABLE IF NOT EXISTS "projects_seosettings" ("id" integer NOT NULL PRIMARY KEY AUTOINCREMENT, "meta_title" varchar(60) NOT NULL, "meta_description" text NOT NULL, "meta_keywords" varchar(255) NOT NULL, "og_image" varchar(100) NOT NULL);
CREATE TABLE IF NOT EXISTS "projects_sitesettings" ("id" integer NOT NULL PRIMARY KEY AUTOINCREMENT, "site_name" varchar(100) NOT NULL, "logo" varchar(100) NOT NULL, "favicon" varchar(100) NOT NULL, "primary_color" varchar(7) NOT NULL, "secondary_color" varchar(7) NOT NULL);
INSERT INTO projects_sitesettings VALUES(1,'Ripples','site/logo/ripple_logo_1_wgFtU8P.png','site/favicon/ripples_fav.png','#28a745','#2c3e50');
CREATE TABLE IF NOT EXISTS "projects_themesettings" ("id" integer NOT NULL PRIMARY KEY AUTOINCREMENT, "primary_color" varchar(7) NOT NULL, "secondary_color" varchar(7) NOT NULL, "custom_css" text NOT NULL);
INSERT INTO projects_themesettings VALUES(1,'#28a745','#2c3e50','');
CREATE TABLE IF NOT EXISTS "projects_customuser_groups" ("id" integer NOT NULL PRIMARY KEY AUTOINCREMENT, "customuser_id" bigint NOT NULL REFERENCES "projects_customuser" ("id") DEFERRABLE INITIALLY DEFERRED, "group_id" integer NOT NULL REFERENCES "auth_group" ("id") DEFERRABLE INITIALLY DEFERRED);
CREATE TABLE IF NOT EXISTS "projects_customuser_user_permissions" ("id" integer NOT NULL PRIMARY KEY AUTOINCREMENT, "customuser_id" bigint NOT NULL REFERENCES "projects_customuser" ("id") DEFERRABLE INITIALLY DEFERRED, "permission_id" integer NOT NULL REFERENCES "auth_permission" ("id") DEFERRABLE INITIALLY DEFERRED);
CREATE TABLE IF NOT EXISTS "projects_investorprofile" ("id" integer NOT NULL PRIMARY KEY AUTOINCREMENT, "investment_focus" text NOT NULL, "preferred_industries" varchar(200) NOT NULL, "user_id" bigint NOT NULL UNIQUE REFERENCES "projects_customuser" ("id") DEFERRABLE INITIALLY DEFERRED);
INSERT INTO projects_investorprofile VALUES(1,'Digital Founders','Technology',2);
INSERT INTO projects_investorprofile VALUES(2,'I want invest in local product that have high growth tendencies','Technology, Agric and Health',4);
CREATE TABLE IF NOT EXISTS "projects_investmentterm" ("id" integer NOT NULL PRIMARY KEY AUTOINCREMENT, "equity_offered" decimal NOT NULL, "minimum_investment" decimal NOT NULL, "valuation" decimal NOT NULL, "deadline" datetime NOT NULL, "project_id" bigint NOT NULL REFERENCES "projects_project" ("id") DEFERRABLE INITIALLY DEFERRED, "maximum_investment" decimal NULL);
INSERT INTO projects_investmentterm VALUES(1,10,20000,200000,'2025-03-09 00:00:00',5,NULL);
INSERT INTO projects_investmentterm VALUES(2,10,500,300000,'2025-08-31 23:59:00',8,NULL);
CREATE TABLE IF NOT EXISTS "projects_reward" ("id" integer NOT NULL PRIMARY KEY AUTOINCREMENT, "title" varchar(200) NOT NULL, "description" text NOT NULL, "amount" decimal NOT NULL, "project_id" bigint NOT NULL REFERENCES "projects_project" ("id") DEFERRABLE INITIALLY DEFERRED);
INSERT INTO projects_reward VALUES(1,'Branded T-Shirt','You will get a customized branded T-shirt',2000,4);
CREATE TABLE IF NOT EXISTS "projects_pledge" ("id" integer NOT NULL PRIMARY KEY AUTOINCREMENT, "amount" decimal NOT NULL, "pledged_at" datetime NOT NULL, "backer_id" bigint NOT NULL REFERENCES "projects_customuser" ("id") DEFERRABLE INITIALLY DEFERRED, "project_id" bigint NOT NULL REFERENCES "projects_project" ("id") DEFERRABLE INITIALLY DEFERRED, "reward_id" bigint NULL REFERENCES "projects_reward" ("id") DEFERRABLE INITIALLY DEFERRED);
INSERT INTO projects_pledge VALUES(1,2500,'2025-02-21 23:41:06.637695',1,4,1);
INSERT INTO projects_pledge VALUES(2,1700,'2025-02-22 00:00:24.598944',1,4,1);
INSERT INTO projects_pledge VALUES(3,2000,'2025-02-23 15:06:34.314115',2,4,1);
INSERT INTO projects_pledge VALUES(4,2000,'2025-02-23 15:10:07.590908',2,4,1);
INSERT INTO projects_pledge VALUES(5,3000,'2025-02-23 15:20:20.928706',2,4,1);
INSERT INTO projects_pledge VALUES(6,10000,'2025-02-23 15:24:25.005451',2,4,1);
INSERT INTO projects_pledge VALUES(7,5000,'2025-03-28 15:05:29.969315',4,4,1);
INSERT INTO projects_pledge VALUES(8,500,'2025-04-21 11:00:42.416814',2,4,1);
INSERT INTO projects_pledge VALUES(9,300,'2025-04-21 11:12:23.015877',1,4,NULL);
INSERT INTO projects_pledge VALUES(10,5000,'2025-04-21 11:23:03.188378',1,4,1);
INSERT INTO projects_pledge VALUES(11,3000,'2025-04-21 14:33:14.828420',1,4,NULL);
INSERT INTO projects_pledge VALUES(12,300,'2025-04-21 14:34:34.987251',1,4,NULL);
INSERT INTO projects_pledge VALUES(13,300,'2025-04-21 14:42:54.346015',1,6,NULL);
INSERT INTO projects_pledge VALUES(14,300,'2025-04-21 14:42:55.770379',1,6,NULL);
INSERT INTO projects_pledge VALUES(15,1,'2025-04-21 19:03:01.123517',1,6,NULL);
INSERT INTO projects_pledge VALUES(16,1,'2025-04-21 19:04:57.762750',1,6,NULL);
INSERT INTO projects_pledge VALUES(17,1,'2025-04-24 19:29:58.108455',1,6,NULL);
CREATE TABLE IF NOT EXISTS "projects_headerlink" ("id" integer NOT NULL PRIMARY KEY AUTOINCREMENT, "title" varchar(50) NOT NULL, "url" varchar(200) NOT NULL, "order" integer unsigned NOT NULL CHECK ("order" >= 0), "is_active" bool NOT NULL, "site_settings_id" bigint NOT NULL REFERENCES "projects_sitesettings" ("id") DEFERRABLE INITIALLY DEFERRED);
CREATE TABLE IF NOT EXISTS "projects_footersection" ("id" integer NOT NULL PRIMARY KEY AUTOINCREMENT, "title" varchar(50) NOT NULL, "content" text NOT NULL, "order" integer unsigned NOT NULL CHECK ("order" >= 0), "site_settings_id" bigint NOT NULL REFERENCES "projects_sitesettings" ("id") DEFERRABLE INITIALLY DEFERRED);
CREATE TABLE IF NOT EXISTS "projects_socialmedialink" ("id" integer NOT NULL PRIMARY KEY AUTOINCREMENT, "platform" varchar(20) NOT NULL, "url" varchar(200) NOT NULL, "order" integer unsigned NOT NULL CHECK ("order" >= 0), "site_settings_id" bigint NOT NULL REFERENCES "projects_sitesettings" ("id") DEFERRABLE INITIALLY DEFERRED);
CREATE TABLE IF NOT EXISTS "django_admin_log" ("id" integer NOT NULL PRIMARY KEY AUTOINCREMENT, "object_id" text NULL, "object_repr" varchar(200) NOT NULL, "action_flag" smallint unsigned NOT NULL CHECK ("action_flag" >= 0), "change_message" text NOT NULL, "content_type_id" integer NULL REFERENCES "django_content_type" ("id") DEFERRABLE INITIALLY DEFERRED, "user_id" bigint NOT NULL REFERENCES "projects_customuser" ("id") DEFERRABLE INITIALLY DEFERRED, "action_time" datetime NOT NULL);
INSERT INTO django_admin_log VALUES(1,'1','Site Settings',3,'',10,1,'2025-02-21 22:14:22.753593');
INSERT INTO django_admin_log VALUES(2,'1','Site Settings',2,'[{"changed": {"fields": ["Logo", "Favicon"]}}]',10,1,'2025-02-21 22:28:16.075431');
INSERT INTO django_admin_log VALUES(3,'1','Pledge',1,'[{"added": {}}]',8,1,'2025-02-21 22:34:35.828436');
INSERT INTO django_admin_log VALUES(4,'2','Donation',1,'[{"added": {}}]',8,1,'2025-02-21 22:34:57.632920');
INSERT INTO django_admin_log VALUES(5,'3','Investment',1,'[{"added": {}}]',8,1,'2025-02-21 22:35:26.447231');
INSERT INTO django_admin_log VALUES(6,'1','Technology',1,'[{"added": {}}]',7,1,'2025-02-21 22:35:41.508959');
INSERT INTO django_admin_log VALUES(7,'2','Digital',1,'[{"added": {}}]',7,1,'2025-02-21 22:35:46.153542');
INSERT INTO django_admin_log VALUES(8,'3','Fintech',1,'[{"added": {}}]',7,1,'2025-02-21 22:35:50.919998');
INSERT INTO django_admin_log VALUES(9,'4','Freelancing',1,'[{"added": {}}]',7,1,'2025-02-21 22:36:00.276887');
INSERT INTO django_admin_log VALUES(10,'1','WorkDey',3,'',15,1,'2025-02-21 23:10:28.321576');
INSERT INTO django_admin_log VALUES(11,'2','WorkDey',3,'',15,1,'2025-02-21 23:10:40.830209');
INSERT INTO django_admin_log VALUES(12,'3','WorkDey',2,'[{"changed": {"fields": ["Funding type"]}}]',15,1,'2025-02-21 23:18:17.564126');
INSERT INTO django_admin_log VALUES(13,'3','Investment',3,'',8,1,'2025-02-21 23:22:02.397609');
INSERT INTO django_admin_log VALUES(14,'1','Pledge',3,'',8,1,'2025-02-21 23:22:02.397708');
INSERT INTO django_admin_log VALUES(15,'4','Equity',1,'[{"added": {}}]',8,1,'2025-02-21 23:22:20.110475');
INSERT INTO django_admin_log VALUES(16,'4','WorkDey',2,'[{"changed": {"fields": ["Funding type"]}}]',15,1,'2025-02-21 23:27:41.183731');
INSERT INTO django_admin_log VALUES(17,'1','Jonah Onah (Founder)',2,'[{"changed": {"fields": ["User type"]}}]',12,1,'2025-02-22 00:12:12.082652');
INSERT INTO django_admin_log VALUES(18,'1','Funding African Innovation',1,'[{"added": {}}]',24,1,'2025-02-22 13:13:37.877799');
INSERT INTO django_admin_log VALUES(19,'2','Ruth Ogboji (Investor)',2,'[{"changed": {"fields": ["password"]}}]',12,1,'2025-02-22 20:13:03.572202');
INSERT INTO django_admin_log VALUES(20,'2','$20000.00 investment in RutOna by Ruth Ogboji (Investor)',2,'[{"changed": {"fields": ["Actual return", "Status"]}}]',17,1,'2025-02-22 20:37:51.180304');
INSERT INTO django_admin_log VALUES(21,'2','$20000.00 investment in RutOna by Ruth Ogboji (Investor)',3,'',17,1,'2025-02-22 21:41:49.663695');
INSERT INTO django_admin_log VALUES(22,'1','$12000 investment in RutOna by Ruth Ogboji (Investor)',2,'[{"changed": {"fields": ["Amount", "Actual return"]}}]',17,1,'2025-02-22 21:42:17.887754');
INSERT INTO django_admin_log VALUES(23,'5','RutOna',2,'[{"changed": {"fields": ["Amount raised"]}}]',15,1,'2025-02-22 21:43:15.589388');
INSERT INTO django_admin_log VALUES(24,'3','$2000.00 investment in RutOna by Ruth Ogboji (Investor)',2,'[{"changed": {"fields": ["Actual return"]}}]',17,1,'2025-02-22 22:00:34.003790');
INSERT INTO django_admin_log VALUES(25,'8','$3000.00 investment in RutOna by Ruth Ogboji (Investor)',3,'',17,1,'2025-02-22 22:29:44.903096');
INSERT INTO django_admin_log VALUES(26,'7','$3000.00 investment in RutOna by Ruth Ogboji (Investor)',3,'',17,1,'2025-02-22 22:29:44.903170');
INSERT INTO django_admin_log VALUES(27,'6','$3000.00 investment in RutOna by Ruth Ogboji (Investor)',3,'',17,1,'2025-02-22 22:29:44.903221');
INSERT INTO django_admin_log VALUES(28,'5','$2000.00 investment in RutOna by Ruth Ogboji (Investor)',3,'',17,1,'2025-02-22 22:29:44.903266');
INSERT INTO django_admin_log VALUES(29,'4','$2000.00 investment in RutOna by Ruth Ogboji (Investor)',3,'',17,1,'2025-02-22 22:29:44.903309');
INSERT INTO django_admin_log VALUES(30,'3','$2000.00 investment in RutOna by Ruth Ogboji (Investor)',3,'',17,1,'2025-02-22 22:29:44.903351');
INSERT INTO django_admin_log VALUES(31,'5','RutOna',2,'[{"changed": {"fields": ["Amount raised"]}}]',15,1,'2025-02-22 22:30:39.030938');
INSERT INTO django_admin_log VALUES(32,'9','$3000.00 investment in RutOna by Ruth Ogboji (Investor)',3,'',17,1,'2025-02-22 22:41:29.822746');
INSERT INTO django_admin_log VALUES(33,'5','RutOna',2,'[{"changed": {"fields": ["Amount raised"]}}]',15,1,'2025-02-22 22:42:04.166392');
INSERT INTO django_admin_log VALUES(34,'1','$9000.00 investment in RutOna by Ruth Ogboji (Investor)',2,'[{"changed": {"fields": ["Amount"]}}]',17,1,'2025-02-22 22:42:14.874258');
INSERT INTO django_admin_log VALUES(35,'1','$9000.00 investment in RutOna by Ruth Ogboji (Investor)',2,'[{"changed": {"fields": ["Is counted"]}}]',17,1,'2025-02-22 22:42:38.163771');
INSERT INTO django_admin_log VALUES(36,'5','RutOna',2,'[{"changed": {"fields": ["Amount raised", "Total investment raised"]}}]',15,1,'2025-02-22 22:49:41.544398');
INSERT INTO django_admin_log VALUES(37,'10','$5000.00 investment in RutOna by Ruth Ogboji (Investor)',3,'',17,1,'2025-02-22 22:50:07.425114');
INSERT INTO django_admin_log VALUES(38,'11','$3000.00 investment in RutOna by Ruth Ogboji (Investor)',3,'',17,1,'2025-02-22 23:01:50.574608');
INSERT INTO django_admin_log VALUES(39,'5','RutOna',2,'[{"changed": {"fields": ["Amount raised", "Total investment raised"]}}]',15,1,'2025-02-22 23:02:12.151004');
INSERT INTO django_admin_log VALUES(40,'5','RutOna',2,'[{"changed": {"fields": ["Amount raised"]}}]',15,1,'2025-02-22 23:13:52.606413');
INSERT INTO django_admin_log VALUES(41,'12','$3000.00 investment in RutOna by Ruth Ogboji (Investor)',3,'',17,1,'2025-02-22 23:14:18.251059');
INSERT INTO django_admin_log VALUES(42,'5','RutOna',2,'[{"changed": {"fields": ["Amount raised"]}}]',15,1,'2025-02-22 23:15:31.803640');
INSERT INTO django_admin_log VALUES(43,'13','$3000.00 investment in RutOna by Ruth Ogboji (Investor)',3,'',17,1,'2025-02-22 23:15:41.122170');
INSERT INTO django_admin_log VALUES(44,'5','RutOna',2,'[{"changed": {"fields": ["Amount raised"]}}]',15,1,'2025-02-22 23:32:26.676188');
INSERT INTO django_admin_log VALUES(45,'15','$4500.00 investment in RutOna by Ruth Ogboji (Investor)',3,'',17,1,'2025-02-22 23:32:39.724154');
INSERT INTO django_admin_log VALUES(46,'14','$3000.00 investment in RutOna by Ruth Ogboji (Investor)',3,'',17,1,'2025-02-22 23:32:39.724235');
INSERT INTO django_admin_log VALUES(47,'5','RutOna',2,'[{"changed": {"fields": ["Amount raised"]}}]',15,1,'2025-02-22 23:39:02.729231');
INSERT INTO django_admin_log VALUES(48,'16','$4500.00 investment in RutOna by Ruth Ogboji (Investor)',3,'',17,1,'2025-02-22 23:39:11.276014');
INSERT INTO django_admin_log VALUES(49,'17','$5500.00 investment in RutOna by Ruth Ogboji (Investor)',3,'',17,1,'2025-02-22 23:46:29.284439');
INSERT INTO django_admin_log VALUES(50,'5','RutOna',2,'[{"changed": {"fields": ["Amount raised"]}}]',15,1,'2025-02-22 23:46:45.875850');
INSERT INTO django_admin_log VALUES(51,'18','$2000.00 investment in RutOna by Ruth Ogboji (Investor)',2,'[{"changed": {"fields": ["Actual return", "Terms", "Is counted"]}}]',17,1,'2025-02-23 00:02:24.859971');
INSERT INTO django_admin_log VALUES(52,'19','$3000.00 investment in RutOna by Ruth Ogboji (Investor)',2,'[{"changed": {"fields": ["Actual return", "Terms", "Is counted"]}}]',17,1,'2025-02-23 00:03:36.636756');
INSERT INTO django_admin_log VALUES(53,'21','$50000.00 investment in RutOna by Ruth Ogboji (Investor)',3,'',17,1,'2025-02-23 13:41:45.671373');
INSERT INTO django_admin_log VALUES(54,'5','RutOna',2,'[{"changed": {"fields": ["Amount raised"]}}]',15,1,'2025-02-23 13:42:26.979423');
INSERT INTO django_admin_log VALUES(55,'22','$20000.00 investment in RutOna by Ruth Ogboji (Investor)',3,'',17,1,'2025-02-23 14:23:43.371989');
INSERT INTO django_admin_log VALUES(56,'5','RutOna',2,'[]',15,1,'2025-02-23 14:24:06.779501');
INSERT INTO django_admin_log VALUES(57,'3','WorkDey',3,'',15,1,'2025-02-23 15:34:08.108856');
INSERT INTO django_admin_log VALUES(58,'6','Ruth Ogboji (Investor) pledged $10000.00 to WorkDey',2,'[]',19,1,'2025-02-23 15:35:02.735052');
INSERT INTO django_admin_log VALUES(59,'5','Agriculture',1,'[{"added": {}}]',7,1,'2025-04-22 17:31:23.775677');
INSERT INTO django_admin_log VALUES(60,'6','Education',1,'[{"added": {}}]',7,1,'2025-04-22 17:31:39.532837');
INSERT INTO django_admin_log VALUES(61,'7','Health',1,'[{"added": {}}]',7,1,'2025-04-22 17:32:14.002560');
INSERT INTO django_admin_log VALUES(62,'8','Engineering',1,'[{"added": {}}]',7,1,'2025-04-22 17:32:57.811938');
INSERT INTO django_admin_log VALUES(63,'1','Michael Okafor - Angel Investor',1,'[{"added": {}}]',25,1,'2025-04-22 18:56:29.874918');
INSERT INTO django_admin_log VALUES(64,'2','Adeola Johnson - Founder',1,'[{"added": {}}]',25,1,'2025-04-22 18:59:11.636845');
INSERT INTO django_admin_log VALUES(65,'3','Ruth Goodness - Investor',1,'[{"added": {}}]',25,1,'2025-04-22 19:02:42.066831');
INSERT INTO django_admin_log VALUES(66,'2','Adeola Johnson - Founder',2,'[{"changed": {"fields": ["Image"]}}]',25,1,'2025-04-22 19:03:28.696589');
INSERT INTO django_admin_log VALUES(67,'1','Site Settings',2,'[]',10,1,'2025-04-22 19:13:26.056355');
INSERT INTO django_admin_log VALUES(68,'1','Funding African Innovation',2,'[]',24,1,'2025-04-24 18:58:30.491791');
INSERT INTO django_admin_log VALUES(69,'2','A Place For Underrepresented Founders',1,'[{"added": {}}]',24,1,'2025-04-24 18:59:39.586450');
INSERT INTO django_admin_log VALUES(70,'2','10.00% equity for $500.00+',2,'[{"changed": {"fields": ["Equity offered"]}}]',16,1,'2025-04-24 19:19:58.821474');
INSERT INTO django_admin_log VALUES(71,'4','WorkDey',2,'[{"changed": {"fields": ["Description", "Location", "Status"]}}]',15,1,'2025-04-25 03:16:28.047571');
INSERT INTO django_admin_log VALUES(72,'5','RutOna',2,'[{"changed": {"fields": ["Location", "Status"]}}]',15,1,'2025-04-25 03:17:19.835981');
INSERT INTO django_admin_log VALUES(73,'6','Flutter School',2,'[{"changed": {"fields": ["Description", "Location", "Status"]}}]',15,1,'2025-04-25 03:17:37.988273');
INSERT INTO django_admin_log VALUES(74,'7','Gitako',2,'[{"changed": {"fields": ["Status"]}}]',15,1,'2025-04-25 03:19:42.152642');
INSERT INTO django_admin_log VALUES(75,'1','Site Settings',2,'[{"changed": {"fields": ["Logo", "Favicon"]}}]',10,1,'2025-04-25 04:19:58.685270');
INSERT INTO django_admin_log VALUES(76,'1','Site Settings',2,'[{"changed": {"fields": ["Logo"]}}]',10,1,'2025-04-25 04:47:04.915261');
INSERT INTO django_admin_log VALUES(77,'1','Site Settings',2,'[{"changed": {"fields": ["Logo"]}}]',10,1,'2025-05-13 15:47:03.382402');
INSERT INTO django_admin_log VALUES(78,'1','Site Settings',2,'[]',10,1,'2025-05-13 15:47:10.515262');
CREATE TABLE IF NOT EXISTS "django_session" ("session_key" varchar(40) NOT NULL PRIMARY KEY, "session_data" text NOT NULL, "expire_date" datetime NOT NULL);
INSERT INTO django_session VALUES('lmrcyqz6qa6vv9vg91hy3vam0ywnvhdj','e30:1tlHAz:pQf1pHacfc8OFpxb2M8-poFei4DD0KYADW7bbIP287c','2025-03-07 00:45:57.592320');
INSERT INTO django_session VALUES('n0n7zati5tusvrxzapdej0iambxk2nxe','e30:1tlHBY:TJj4fQK1JvGQbYH_JHKOulpl-UaUVDD95kOFiYjQmp4','2025-03-07 00:46:32.524853');
INSERT INTO django_session VALUES('kl3c668eazh9uv3wii178x2mxg7ipqhc','.eJxVjMsOwiAQRf-FtSEM9MG4dO83kIFhpGpoUtqV8d-1SRe6veec-1KBtrWEreUlTKzOCtTpd4uUHrnugO9Ub7NOc12XKepd0Qdt-jpzfl4O9--gUCvf2hERWDCWQWxyNkqf-jwwIyNQNtx5dt4IjBZBgAUjd6OgH2IiQqfeH_WKOIc:1tlvrz:DlR719_YwzUkXE4jBnmOV-zg7LGVMMakMcqBVAus9kk','2025-03-08 20:13:03.578933');
INSERT INTO django_session VALUES('9kdxeriw06egnp9bwqggdatwl0661lm2','.eJxVjDsOwyAQBe9CHSFY83PK9D4Dgl0ITiKQjF1FuXtsyUXSzsx7b-bDtha_9bT4mdiVAbv8shjwmeoh6BHqvXFsdV3myI-En7bzqVF63c7276CEXva1lUYrFRGESUlIAEJwREqPg4qSrKLopNmZQT0gDSJlGp2FDM7mYCT7fAHK6Td0:1tlxwa:wFIoD-rq57iNe-zqZn9GSI75MQa7vHGABmU2Gq6apVw','2025-03-08 22:25:56.425386');
INSERT INTO django_session VALUES('a2ck7yzhaodr9nenokybag3xr3eukg1i','.eJxVjMsOwiAQRf-FtSEM9MG4dO83kIFhpGpoUtqV8d-1SRe6veec-1KBtrWEreUlTKzOCtTpd4uUHrnugO9Ub7NOc12XKepd0Qdt-jpzfl4O9--gUCvf2hERWDCWQWxyNkqf-jwwIyNQNtx5dt4IjBZBgAUjd6OgH2IiQqfeH_WKOIc:1twpxI:mGw3Rvxk4fAsb52vzmdVgbbFkwrwgYuR28E3wOXLXWY','2025-04-07 22:07:36.116606');
INSERT INTO django_session VALUES('yv8t45mepy67sdpvhqjgdfwdw5ru6rk1','.eJxVjM0OwiAQhN-FsyGEnwU9evcZyC4LUjWQlPZkfHfbpAc9TTLfN_MWEdelxnXkOU4sLsKK029HmJ657YAf2O5dpt6WeSK5K_KgQ94659f1cP8OKo66rYPRRRUF5gwmMRYdLLELOgOGtAVaYwigWCbK6H3WzikAnTxZixjE5wvk-jgH:1tyBEA:9sWlCVFn5ciqxvRcU0EzdD6qOWrDXuo6hmdNrYMfeLY','2025-04-11 15:02:34.177728');
INSERT INTO django_session VALUES('czouwv84xg71w05351g6lt1oc5kry8mz','.eJxVjMsOwiAQRf-FtSEM9MG4dO83kIFhpGpoUtqV8d-1SRe6veec-1KBtrWEreUlTKzOCtTpd4uUHrnugO9Ub7NOc12XKepd0Qdt-jpzfl4O9--gUCvf2hERWDCWQWxyNkqf-jwwIyNQNtx5dt4IjBZBgAUjd6OgH2IiQqfeH_WKOIc:1u6ouV:hMUJNZ9_RB3iOweD9yDx86CJ27Rlz-L4i3MA0SLVEXQ','2025-05-05 11:01:59.015942');
INSERT INTO django_session VALUES('dlgd1ysa3xbaojvdp19uu2x024bm7uxq','.eJxVjMsOwiAQRf-FtSEM9MG4dO83kIFhpGpoUtqV8d-1SRe6veec-1KBtrWEreUlTKzOCtTpd4uUHrnugO9Ub7NOc12XKepd0Qdt-jpzfl4O9--gUCvf2hERWDCWQWxyNkqf-jwwIyNQNtx5dt4IjBZBgAUjd6OgH2IiQqfeH_WKOIc:1u7FQy:XGwhBfJyV-76Q_ncygLYbbhmI8dLNjPFd6oaDi2yMWg','2025-05-06 15:21:16.822292');
INSERT INTO django_session VALUES('vxwitc5fg15zf3bo9oa0a406w15uovzt','.eJxVjMsOwiAQRf-FtSEM9MG4dO83kIFhpGpoUtqV8d-1SRe6veec-1KBtrWEreUlTKzOCtTpd4uUHrnugO9Ub7NOc12XKepd0Qdt-jpzfl4O9--gUCvf2hERWDCWQWxyNkqf-jwwIyNQNtx5dt4IjBZBgAUjd6OgH2IiQqfeH_WKOIc:1u820Q:jVuCqXw_36ADRA3MhqinuQqTwBZws66SRVvacrfEU2Y','2025-05-08 19:13:06.678001');
INSERT INTO django_session VALUES('3u5svzcw3oukd7ei4g9likx9ogatgnbl','.eJxVjMsOwiAQRf-FtSEM9MG4dO83kIFhpGpoUtqV8d-1SRe6veec-1KBtrWEreUlTKzOCtTpd4uUHrnugO9Ub7NOc12XKepd0Qdt-jpzfl4O9--gUCvf2hERWDCWQWxyNkqf-jwwIyNQNtx5dt4IjBZBgAUjd6OgH2IiQqfeH_WKOIc:1uErpI:YnESQCmnzdvEpKztUR3p41F-nafz6eb7_nlP1ig557Q','2025-05-27 15:45:52.205219');
CREATE TABLE IF NOT EXISTS "projects_heroslider" ("id" integer NOT NULL PRIMARY KEY AUTOINCREMENT, "title" varchar(255) NOT NULL, "subtitle" text NOT NULL, "image" varchar(100) NOT NULL, "is_active" bool NOT NULL, "created_at" datetime NOT NULL);
INSERT INTO projects_heroslider VALUES(1,'Funding African Innovation','Underrepresented founders need our support.','slider_images/2148908788.jpg',1,'2025-02-22 13:13:37.876462');
INSERT INTO projects_heroslider VALUES(2,'A Place For Underrepresented Founders','We Love to See Underrepresented Founders Thrive','slider_images/113378.jpg',1,'2025-04-24 18:59:39.584828');
CREATE TABLE IF NOT EXISTS "projects_founderprofile" ("id" integer NOT NULL PRIMARY KEY AUTOINCREMENT, "company_name" varchar(100) NULL, "website" varchar(200) NOT NULL, "bio" text NOT NULL, "user_id" bigint NOT NULL UNIQUE REFERENCES "projects_customuser" ("id") DEFERRABLE INITIALLY DEFERRED, "cv" varchar(100) NULL, "experience" text NULL, "industry" varchar(100) NULL, "image" varchar(100) NULL);
INSERT INTO projects_founderprofile VALUES(1,'RutOna Linkages','https://www.rutonalinkages.ng','My BIO',3,NULL,NULL,NULL,'profile_images/Photo_Jonah.jpg');
INSERT INTO projects_founderprofile VALUES(2,'RutOna Linkages','https://www.rutonalinkages.ng','RutOna Makes Sense',1,'founder_cvs/Jonah_Onah_-_Software_Developer_.pdf','I love startups. I have Experience creating them','Software Development','profile_images/Onah_Jonah.jpeg');
CREATE TABLE IF NOT EXISTS "projects_investment" ("id" integer NOT NULL PRIMARY KEY AUTOINCREMENT, "amount" decimal NOT NULL, "status" varchar(20) NOT NULL, "created_at" datetime NOT NULL, "investor_id" bigint NOT NULL REFERENCES "projects_customuser" ("id") DEFERRABLE INITIALLY DEFERRED, "terms_id" bigint NULL REFERENCES "projects_investmentterm" ("id") DEFERRABLE INITIALLY DEFERRED, "project_id" bigint NOT NULL REFERENCES "projects_project" ("id") DEFERRABLE INITIALLY DEFERRED, "actual_return" decimal NULL, "is_counted" bool NOT NULL, "equity_percentage" decimal NOT NULL);
INSERT INTO projects_investment VALUES(1,9000,'active','2025-02-22 20:20:25.232078',2,1,5,0,1,0);
INSERT INTO projects_investment VALUES(18,2000,'active','2025-02-22 23:48:29.872855',2,1,5,0,1,0);
INSERT INTO projects_investment VALUES(19,3000,'active','2025-02-23 00:03:05.917200',2,1,5,0,1,0);
INSERT INTO projects_investment VALUES(20,20000,'active','2025-02-23 12:52:05.750120',2,1,5,NULL,0,0);
INSERT INTO projects_investment VALUES(23,25000,'active','2025-02-23 13:43:04.934603',2,1,5,NULL,0,0);
INSERT INTO projects_investment VALUES(24,20000,'pending','2025-04-21 19:11:03.357487',1,1,5,NULL,0,10);
INSERT INTO projects_investment VALUES(25,500,'pending','2025-04-21 19:26:53.946932',1,1,5,NULL,0,0.25);
INSERT INTO projects_investment VALUES(26,500,'active','2025-04-21 19:35:21.420318',1,1,5,NULL,0,0.25);
INSERT INTO projects_investment VALUES(27,500,'pending','2025-04-25 02:52:47.435508',1,2,8,NULL,0,0.1700000000000000122);
CREATE TABLE IF NOT EXISTS "projects_update" ("id" integer NOT NULL PRIMARY KEY AUTOINCREMENT, "title" varchar(200) NOT NULL, "created_at" datetime NOT NULL, "project_id" bigint NOT NULL REFERENCES "projects_project" ("id") DEFERRABLE INITIALLY DEFERRED, "content" text NOT NULL);
CREATE TABLE IF NOT EXISTS "projects_testimonial" ("id" integer NOT NULL PRIMARY KEY AUTOINCREMENT, "name" varchar(100) NOT NULL, "position" varchar(100) NOT NULL, "company" varchar(100) NULL, "image" varchar(100) NULL, "content" text NOT NULL, "rating" integer NOT NULL, "is_active" bool NOT NULL, "created_at" datetime NOT NULL);
INSERT INTO projects_testimonial VALUES(1,'Michael Okafor','Angel Investor',NULL,'testimonials/ryan-hoffman-Ft4p5E9HjTQ-unsplash.jpg','"As an investor, I''ve found incredible opportunities on Ripple that I wouldn''t have discovered elsewhere. The platform makes due diligence easy and transparent."',5,1,'2025-04-22 18:56:29.865680');
INSERT INTO projects_testimonial VALUES(2,'Adeola Johnson','Founder','FarmConnect','testimonials/clay-elliot-mpDV4xaFP8c-unsplash.jpg','Ripple helped me secure funding for my agritech startup when traditional investors wouldn''t take a chance. Now we''re expanding across three countries!',5,1,'2025-04-22 18:59:11.631650');
INSERT INTO projects_testimonial VALUES(3,'Ruth Goodness','Investor','RutOna Linkages','testimonials/alex-starnes-WYE2UhXsU1Y-unsplash.jpg','As an investor, Ripple really aggregated the best crop of founders that could easily be managed and give great ROI.',5,1,'2025-04-22 19:02:42.063527');
CREATE TABLE IF NOT EXISTS "projects_customuser" ("id" integer NOT NULL PRIMARY KEY AUTOINCREMENT, "password" varchar(128) NOT NULL, "last_login" datetime NULL, "is_superuser" bool NOT NULL, "username" varchar(150) NOT NULL UNIQUE, "first_name" varchar(150) NOT NULL, "last_name" varchar(150) NOT NULL, "email" varchar(254) NOT NULL UNIQUE, "is_staff" bool NOT NULL, "is_active" bool NOT NULL, "date_joined" datetime NOT NULL, "user_type" varchar(20) NOT NULL, "phone_number" varchar(20) NOT NULL, "profile_completed" bool NOT NULL, "address_line1" varchar(255) NULL, "address_line2" varchar(255) NULL, "city" varchar(100) NULL, "country" varchar(100) NULL, "location" varchar(100) NULL, "postal_code" varchar(20) NULL, "state_province" varchar(100) NULL, "email_verified" bool NOT NULL);
INSERT INTO projects_customuser VALUES(1,'pbkdf2_sha256$870000$CQp16IQcjAf9VCIwxYipuc$J6+HOaGA2ZCfisxBpAHh6RYV2bmTkgbG0MYDSxMD3ZQ=','2025-05-13 15:45:52.203593',1,'onahjonah','Jonah','Onah','onahjonah@gmail.com',1,1,'2025-02-21 00:34:31','founder','09015170830',1,'No 1 Okoro Street, Airport Hillview Phase IV, Enugu, Nigeria','','Enugu','NG','Enugu, Nigeria','400102','Enugu',0);
INSERT INTO projects_customuser VALUES(2,'pbkdf2_sha256$870000$9EPS9lZ9B2gjQJk8NVWHar$PdsYSlhkXNOA8ZLnnSVQXioxXo3/NdyDZvkdeB7BD38=','2025-04-21 10:41:53.833475',0,'ruchina09@gmail.com','Ruth','Ogboji','ruchina09@gmail.com',0,1,'2025-02-22 13:46:06.154738','investor','08061265550',1,NULL,NULL,NULL,NULL,NULL,NULL,NULL,0);
INSERT INTO projects_customuser VALUES(3,'pbkdf2_sha256$870000$pN2KEDjgbKhqsjpKFcgjLB$UTTQuc0+xPuBSRhIVi1cUPwGFGyeeXOp0zKpkvPcuFU=','2025-02-22 18:11:39.373300',0,'info@rutonalinkages.ng','Jonah','Onah','info@rutonalinkages.ng',0,1,'2025-02-22 18:11:38.442095','founder','09015170830',1,NULL,NULL,NULL,NULL,NULL,NULL,NULL,0);
INSERT INTO projects_customuser VALUES(4,'pbkdf2_sha256$870000$NPRtx882oiMjmFrqzsSUno$1T8F1vtcRzx2SmNGfXlY6W+2hx9Wzt+sC80yuc0DUNA=','2025-03-28 15:02:34.165696',0,'mailonahjonah@gmail.com','Jonah','Onah','mailonahjonah@gmail.com',0,1,'2025-03-28 15:02:30.878978','investor','09015170830',1,NULL,NULL,NULL,NULL,NULL,NULL,NULL,0);
CREATE TABLE IF NOT EXISTS "projects_project" ("id" integer NOT NULL PRIMARY KEY AUTOINCREMENT, "title" varchar(200) NOT NULL, "description" text NOT NULL, "funding_goal" decimal NOT NULL, "amount_raised" decimal NOT NULL, "total_investment_raised" decimal NOT NULL, "created_at" datetime NOT NULL, "deadline" datetime NOT NULL, "image" varchar(100) NOT NULL, "category_id" bigint NULL REFERENCES "projects_category" ("id") DEFERRABLE INITIALLY DEFERRED, "creator_id" bigint NOT NULL REFERENCES "projects_customuser" ("id") DEFERRABLE INITIALLY DEFERRED, "funding_type_id" bigint NULL REFERENCES "projects_fundingtype" ("id") DEFERRABLE INITIALLY DEFERRED, "location" varchar(100) NULL, "short_description" varchar(255) NULL, "video_url" varchar(200) NULL, "admin_notes" text NULL, "status" varchar(20) NOT NULL);
INSERT INTO projects_project VALUES(4,'WorkDey','<p>This is Workdey</p>',100000,23800,0,'2025-02-21 23:21:20','2025-05-31 00:00:00','project_images/Conference-Registration-02-15-2025_11_20_AM_NWBG6Vh.png',1,1,2,'Abuja',NULL,NULL,'','approved');
INSERT INTO projects_project VALUES(5,'RutOna','<p>A digital agency</p>',20000,59500,9000,'2025-02-22 10:55:28','2025-06-22 05:05:00','project_images/EatRight-02-04-2025_03_53_PM.png',1,1,4,'Jos',NULL,NULL,'','approved');
INSERT INTO projects_project VALUES(6,'Flutter School','<p>A School for Flutter Enthusiasts</p>',10000,300,0,'2025-02-22 18:13:56','2025-04-01 00:00:00','project_images/Flutter-School--Build-for-anywhere--01-05-2025_11_46_AM.png',2,3,2,'Lagos',NULL,NULL,'','approved');
INSERT INTO projects_project VALUES(7,'Gitako',replace(replace('<p>In the heart of rural Africa, farmers rise with the sun. They clear fields by hand, nurture the soil, and plant with hope&mdash;yet despite their efforts, many still face low yields, poor access to quality inputs, and limited markets for their produce. We believe it doesn&rsquo;t have to be this way.</p>\r\n\r\n<p><strong>Gitako is our answer.</strong></p>\r\n\r\n<p>What is Gitako?</p>\r\n\r\n<p>Gitako is an <strong>all-in-one AgricTech platform</strong> designed to empower smallholder farmers by giving them the tools to <strong>digitally manage their farms, access critical agricultural inputs, and sell directly to buyers</strong>&mdash;all from a single platform.</p>\r\n\r\n<p>With Gitako, farmers can:</p>\r\n\r\n<ul>\r\n	<li>\r\n	<p><strong>Track every activity</strong> from land clearing to harvesting</p>\r\n	</li>\r\n	<li>\r\n	<p><strong>Get personalized recommendations</strong> for fertilizer, pesticides, and weed control based on their farm&rsquo;s history or location</p>\r\n	</li>\r\n	<li>\r\n	<p><strong>Access verified input suppliers</strong> to buy seeds, equipment, and fertilizers at fair prices</p>\r\n	</li>\r\n	<li>\r\n	<p><strong>Sell their produce directly</strong> to off-takers and buyers through the Gitako marketplace</p>\r\n	</li>\r\n	<li>\r\n	<p><strong>Monitor financial performance</strong>, track yields, and forecast production with ease</p>\r\n	</li>\r\n</ul>\r\n\r\n<p>Why Gitako Matters</p>\r\n\r\n<p>Africa is home to <strong>over 33 million smallholder farms</strong>, many of which operate without digital support. These farmers lose billions annually due to poor record keeping, lack of information, and middlemen who exploit them.</p>\r\n\r\n<p>Gitako is more than a tool&mdash;it&#39;s a movement to <strong>digitally include every farmer</strong>, improve food security, and <strong>unlock the true potential of African agriculture</strong>.</p>\r\n\r\n<p>We&rsquo;re starting with pilot farms in Nigeria&mdash;and our early results are promising. One farm using Gitako increased yield tracking efficiency by over <strong>60%</strong> and reduced input waste by <strong>40%</strong>. Now, we want to bring Gitako to <strong>thousands more farmers.</strong></p>\r\n\r\n<p>Why We Need You</p>\r\n\r\n<p>We&rsquo;ve built the prototype. We&rsquo;ve tested it. Now we need your support to:</p>\r\n\r\n<ul>\r\n	<li>\r\n	<p>Launch the Gitako mobile and web app across multiple regions</p>\r\n	</li>\r\n	<li>\r\n	<p>Onboard 1,000+ farmers in rural communities</p>\r\n	</li>\r\n	<li>\r\n	<p>Enhance the AI-based recommendation engine</p>\r\n	</li>\r\n	<li>\r\n	<p>Build a network of input suppliers and off-takers</p>\r\n	</li>\r\n</ul>\r\n\r\n<p>Your backing will <strong>change lives</strong>&mdash;from the farmer planting cassava in Enugu to the woman leading her village&rsquo;s first organized harvest group.</p>\r\n\r\n<p>Join Us</p>\r\n\r\n<p>We&rsquo;re not just raising funds&mdash;we&rsquo;re raising a movement. By supporting Gitako, you&rsquo;re investing in <strong>a future where farmers are empowered, food systems are strengthened, and technology bridges the gap between potential and prosperity.</strong></p>\r\n\r\n<p>Together, let&rsquo;s put power back in the hands of the people who feed us all.</p>\r\n\r\n<p><strong>Back Gitako. Grow the future.</strong></p>','\r',char(13)),'\n',char(10)),30000,0,0,'2025-04-22 15:23:20','2025-08-10 20:25:00','project_images/Dashboard-Gitako-Farm-Management-04-22-2025_03_24_PM.png',1,1,4,'Kogi',NULL,NULL,'','approved');
INSERT INTO projects_project VALUES(8,'Gitako',replace(replace('<p>In the heart of rural Africa, farmers rise with the sun. They clear fields by hand, nurture the soil, and plant with hope&mdash;yet despite their efforts, many still face low yields, poor access to quality inputs, and limited markets for their produce. We believe it doesn&rsquo;t have to be this way.</p>\r\n\r\n<p><strong>Gitako is our answer.</strong></p>\r\n\r\n<p>What is Gitako?</p>\r\n\r\n<p>Gitako is an <strong>all-in-one AgricTech platform</strong> designed to empower smallholder farmers by giving them the tools to <strong>digitally manage their farms, access critical agricultural inputs, and sell directly to buyers</strong>&mdash;all from a single platform.</p>\r\n\r\n<p>With Gitako, farmers can:</p>\r\n\r\n<ul>\r\n	<li>\r\n	<p><strong>Track every activity</strong> from land clearing to harvesting</p>\r\n	</li>\r\n	<li>\r\n	<p><strong>Get personalized recommendations</strong> for fertilizer, pesticides, and weed control based on their farm&rsquo;s history or location</p>\r\n	</li>\r\n	<li>\r\n	<p><strong>Access verified input suppliers</strong> to buy seeds, equipment, and fertilizers at fair prices</p>\r\n	</li>\r\n	<li>\r\n	<p><strong>Sell their produce directly</strong> to off-takers and buyers through the Gitako marketplace</p>\r\n	</li>\r\n	<li>\r\n	<p><strong>Monitor financial performance</strong>, track yields, and forecast production with ease</p>\r\n	</li>\r\n</ul>\r\n\r\n<p>Why Gitako Matters</p>\r\n\r\n<p>Africa is home to <strong>over 33 million smallholder farms</strong>, many of which operate without digital support. These farmers lose billions annually due to poor record keeping, lack of information, and middlemen who exploit them.</p>\r\n\r\n<p>Gitako is more than a tool&mdash;it&#39;s a movement to <strong>digitally include every farmer</strong>, improve food security, and <strong>unlock the true potential of African agriculture</strong>.</p>\r\n\r\n<p>We&rsquo;re starting with pilot farms in Nigeria&mdash;and our early results are promising. One farm using Gitako increased yield tracking efficiency by over <strong>60%</strong> and reduced input waste by <strong>40%</strong>. Now, we want to bring Gitako to <strong>thousands more farmers.</strong></p>\r\n\r\n<p>Why We Need You</p>\r\n\r\n<p>We&rsquo;ve built the prototype. We&rsquo;ve tested it. Now we need your support to:</p>\r\n\r\n<ul>\r\n	<li>\r\n	<p>Launch the Gitako mobile and web app across multiple regions</p>\r\n	</li>\r\n	<li>\r\n	<p>Onboard 1,000+ farmers in rural communities</p>\r\n	</li>\r\n	<li>\r\n	<p>Enhance the AI-based recommendation engine</p>\r\n	</li>\r\n	<li>\r\n	<p>Build a network of input suppliers and off-takers</p>\r\n	</li>\r\n</ul>\r\n\r\n<p>Your backing will <strong>change lives</strong>&mdash;from the farmer planting cassava in Enugu to the woman leading her village&rsquo;s first organized harvest group.</p>\r\n\r\n<p>Join Us</p>\r\n\r\n<p>We&rsquo;re not just raising funds&mdash;we&rsquo;re raising a movement. By supporting Gitako, you&rsquo;re investing in <strong>a future where farmers are empowered, food systems are strengthened, and technology bridges the gap between potential and prosperity.</strong></p>\r\n\r\n<p>Together, let&rsquo;s put power back in the hands of the people who feed us all.</p>\r\n\r\n<p><strong>Back Gitako. Grow the future.</strong></p>','\r',char(13)),'\n',char(10)),30000,0,0,'2025-04-22 15:23:22.961063','2025-06-01 18:23:00','project_images/Dashboard-Gitako-Farm-Management-04-22-2025_03_24_PM_S5Q6mVO.png',1,1,4,'Kogi',NULL,NULL,NULL,'pending');
DELETE FROM sqlite_sequence;
INSERT INTO sqlite_sequence VALUES('django_migrations',36);
INSERT INTO sqlite_sequence VALUES('django_content_type',25);
INSERT INTO sqlite_sequence VALUES('auth_permission',100);
INSERT INTO sqlite_sequence VALUES('auth_group',0);
INSERT INTO sqlite_sequence VALUES('django_admin_log',78);
INSERT INTO sqlite_sequence VALUES('projects_sitesettings',1);
INSERT INTO sqlite_sequence VALUES('projects_themesettings',1);
INSERT INTO sqlite_sequence VALUES('projects_fundingtype',4);
INSERT INTO sqlite_sequence VALUES('projects_category',8);
INSERT INTO sqlite_sequence VALUES('projects_reward',1);
INSERT INTO sqlite_sequence VALUES('projects_pledge',17);
INSERT INTO sqlite_sequence VALUES('projects_investmentterm',2);
INSERT INTO sqlite_sequence VALUES('projects_heroslider',2);
INSERT INTO sqlite_sequence VALUES('projects_investorprofile',2);
INSERT INTO sqlite_sequence VALUES('projects_founderprofile',2);
INSERT INTO sqlite_sequence VALUES('projects_investment',27);
INSERT INTO sqlite_sequence VALUES('projects_update',0);
INSERT INTO sqlite_sequence VALUES('projects_testimonial',3);
INSERT INTO sqlite_sequence VALUES('projects_customuser',4);
INSERT INTO sqlite_sequence VALUES('projects_project',8);
CREATE UNIQUE INDEX "django_content_type_app_label_model_76bd3d3b_uniq" ON "django_content_type" ("app_label", "model");
CREATE UNIQUE INDEX "auth_group_permissions_group_id_permission_id_0cd325b0_uniq" ON "auth_group_permissions" ("group_id", "permission_id");
CREATE INDEX "auth_group_permissions_group_id_b120cbf9" ON "auth_group_permissions" ("group_id");
CREATE INDEX "auth_group_permissions_permission_id_84c5c92e" ON "auth_group_permissions" ("permission_id");
CREATE UNIQUE INDEX "auth_permission_content_type_id_codename_01ab375a_uniq" ON "auth_permission" ("content_type_id", "codename");
CREATE INDEX "auth_permission_content_type_id_2f476e4b" ON "auth_permission" ("content_type_id");
CREATE UNIQUE INDEX "projects_customuser_groups_customuser_id_group_id_563f1157_uniq" ON "projects_customuser_groups" ("customuser_id", "group_id");
CREATE INDEX "projects_customuser_groups_customuser_id_5ce199ce" ON "projects_customuser_groups" ("customuser_id");
CREATE INDEX "projects_customuser_groups_group_id_ed9e0c07" ON "projects_customuser_groups" ("group_id");
CREATE UNIQUE INDEX "projects_customuser_user_permissions_customuser_id_permission_id_c09ee18f_uniq" ON "projects_customuser_user_permissions" ("customuser_id", "permission_id");
CREATE INDEX "projects_customuser_user_permissions_customuser_id_0ea2621f" ON "projects_customuser_user_permissions" ("customuser_id");
CREATE INDEX "projects_customuser_user_permissions_permission_id_d5f29b5b" ON "projects_customuser_user_permissions" ("permission_id");
CREATE INDEX "projects_investmentterm_project_id_89086a4f" ON "projects_investmentterm" ("project_id");
CREATE INDEX "projects_reward_project_id_2c2877af" ON "projects_reward" ("project_id");
CREATE INDEX "projects_pledge_backer_id_632c6694" ON "projects_pledge" ("backer_id");
CREATE INDEX "projects_pledge_project_id_00ed5b78" ON "projects_pledge" ("project_id");
CREATE INDEX "projects_pledge_reward_id_aa047f0f" ON "projects_pledge" ("reward_id");
CREATE INDEX "projects_headerlink_site_settings_id_aa5150c9" ON "projects_headerlink" ("site_settings_id");
CREATE INDEX "projects_footersection_site_settings_id_8696a02d" ON "projects_footersection" ("site_settings_id");
CREATE INDEX "projects_socialmedialink_site_settings_id_bb52e84b" ON "projects_socialmedialink" ("site_settings_id");
CREATE INDEX "django_admin_log_content_type_id_c4bce8eb" ON "django_admin_log" ("content_type_id");
CREATE INDEX "django_admin_log_user_id_c564eba6" ON "django_admin_log" ("user_id");
CREATE INDEX "django_session_expire_date_a5c62663" ON "django_session" ("expire_date");
CREATE INDEX "projects_investment_investor_id_f08b8e3c" ON "projects_investment" ("investor_id");
CREATE INDEX "projects_investment_terms_id_820fe054" ON "projects_investment" ("terms_id");
CREATE INDEX "projects_investment_project_id_bc879126" ON "projects_investment" ("project_id");
CREATE INDEX "projects_update_project_id_bc5902bb" ON "projects_update" ("project_id");
CREATE INDEX "projects_project_category_id_708edb98" ON "projects_project" ("category_id");
CREATE INDEX "projects_project_creator_id_ef53b054" ON "projects_project" ("creator_id");
CREATE INDEX "projects_project_funding_type_id_d78b1cf3" ON "projects_project" ("funding_type_id");
COMMIT;
